User Name, Date/Time, IP Address
webmaster,"June 11, 2012, 11:32 am",70.90.86.141
webmaster,"June 11, 2012, 11:32 am",70.90.86.141
webmaster,"June 11, 2012, 12:04 pm",70.90.86.141
webmaster,"June 23, 2012, 9:27 am",98.204.113.122
Admin,"July 6, 2012, 5:21 am",68.100.128.70
rmiller,"July 6, 2012, 5:22 am",68.100.128.70
Admin,"July 11, 2012, 2:07 pm",75.148.24.155
rmiller,"July 13, 2012, 3:06 pm",75.148.24.158
rbeersjr,"July 13, 2012, 9:30 pm",98.231.78.96
rmiller,"July 16, 2012, 2:58 pm",75.148.24.158
kkile,"July 20, 2012, 11:28 am",75.148.24.158
rbeers,"July 20, 2012, 11:49 am",75.148.24.158
rbeers,"July 20, 2012, 12:09 pm",75.148.24.158
rmiller,"July 23, 2012, 12:09 pm",76.109.27.227
rmiller,"July 24, 2012, 12:25 pm",75.148.24.155
gmiller,"July 27, 2012, 10:33 am",68.100.128.70
rmiller,"July 27, 2012, 10:34 am",68.100.128.70
Admin,"July 27, 2012, 10:35 am",68.100.128.70
rmiller,"July 27, 2012, 10:39 am",75.148.24.155
rmiller,"July 30, 2012, 9:49 am",76.109.27.227
Admin,"August 2, 2012, 9:49 am",75.148.24.155
rmiller,"August 2, 2012, 10:11 am",75.148.24.155
rmiller,"August 2, 2012, 11:07 am",75.148.24.158
Admin,"August 2, 2012, 3:01 pm",75.148.24.155
rmiller,"August 2, 2012, 4:05 pm",68.100.128.70
rmiller,"August 2, 2012, 4:08 pm",68.100.128.70
rmiller,"August 2, 2012, 4:08 pm",75.148.24.155
rmiller,"August 2, 2012, 11:41 pm",98.204.113.122
rmiller,"August 2, 2012, 11:41 pm",98.204.113.122
rmiller,"August 3, 2012, 8:45 am",98.204.113.122
webmaster,"August 3, 2012, 2:18 pm",98.204.113.122
webmaster,"August 3, 2012, 2:50 pm",98.204.113.122
webmaster,"August 3, 2012, 3:02 pm",98.204.113.122
Admin,"August 7, 2012, 10:58 am",75.148.24.155
dmachir,"August 8, 2012, 1:26 pm",173.13.240.30
mseay,"August 8, 2012, 7:31 pm",68.48.87.190
mchurch,"August 9, 2012, 5:29 pm",96.240.132.202
ejmillerjr,"August 9, 2012, 9:23 pm",68.50.118.247
rmiller,"August 10, 2012, 12:51 pm",75.148.24.158
pgregg,"August 10, 2012, 1:56 pm",76.106.5.79
mong,"August 10, 2012, 6:05 pm",216.40.68.36
wmyers,"August 10, 2012, 7:44 pm",96.229.145.88
rmiller,"August 11, 2012, 8:41 am",70.192.194.167
fseay,"August 11, 2012, 5:30 pm",108.28.191.60
fseay,"August 11, 2012, 5:52 pm",108.28.191.60
acmiller,"August 11, 2012, 7:41 pm",108.18.129.228
klecheminant,"August 11, 2012, 9:12 pm",98.202.115.106
klecheminant,"August 11, 2012, 9:14 pm",98.202.115.106
klecheminant,"August 11, 2012, 9:23 pm",98.202.115.106
sgraft,"August 12, 2012, 9:28 am",173.30.80.148
bseay,"August 15, 2012, 8:52 pm",108.28.191.60
rmiller,"August 17, 2012, 8:46 am",76.109.27.227
emyers,"August 19, 2012, 5:41 pm",76.104.197.72
rmiller,"August 21, 2012, 12:24 pm",76.109.27.227
rmiller,"August 21, 2012, 3:03 pm",76.109.27.227
rmiller,"August 22, 2012, 10:04 am",76.109.27.227
rmiller,"August 22, 2012, 10:05 am",76.109.27.227
rmiller,"August 22, 2012, 6:03 pm",76.109.27.227
wstansbury,"August 24, 2012, 12:53 pm",97.83.90.47
wstansbury,"August 24, 2012, 12:57 pm",97.83.90.47
wstansbury,"August 24, 2012, 1:00 pm",97.83.90.47
rmiller,"August 24, 2012, 2:13 pm",76.109.27.227
rmiller,"August 25, 2012, 9:46 am",76.109.27.227
rmiller,"August 26, 2012, 9:46 am",76.109.27.227
tong,"August 27, 2012, 10:04 pm",68.100.128.70
tong,"August 29, 2012, 9:22 am",75.148.24.155
Admin,"August 30, 2012, 2:56 pm",70.192.193.53
dvaughan,"September 3, 2012, 5:54 pm",96.226.8.134
rmiller,"September 14, 2012, 11:20 am",76.109.27.227
rmiller,"September 14, 2012, 11:23 am",76.109.27.227
dmachir,"September 17, 2012, 12:17 am",173.13.240.30
emiller,"September 18, 2012, 10:35 am",70.155.121.214
bseay,"October 1, 2012, 11:05 pm",108.28.191.60
bseay,"October 1, 2012, 11:06 pm",108.28.191.60
pmiller,"October 9, 2012, 11:02 am",76.109.27.227
pmiller,"October 9, 2012, 11:04 am",76.109.27.227
gmiller,"October 12, 2012, 6:32 am",76.161.161.10
dryburn,"October 14, 2012, 10:08 am",64.79.49.17
pmaddock,"October 16, 2012, 4:16 pm",166.147.123.32
pmaddock,"October 16, 2012, 4:18 pm",166.147.123.32
amiller,"October 22, 2012, 11:13 am",72.45.11.230
dvaughan,"November 5, 2012, 1:32 pm",96.226.8.134
dvaughan,"November 5, 2012, 1:35 pm",96.226.8.134
jkones,"November 6, 2012, 11:46 am",75.148.24.155
jkones,"November 6, 2012, 11:49 am",75.202.104.98
pmaddock,"November 8, 2012, 9:35 pm",166.147.123.23
pmaddock,"November 8, 2012, 9:42 pm",166.147.123.23
pmaddock,"November 12, 2012, 2:34 pm",166.147.123.33
pmaddock,"November 12, 2012, 4:58 pm",172.1.44.232
pmaddock,"November 14, 2012, 8:58 am",166.205.55.47
emyers,"November 15, 2012, 1:20 pm",76.104.197.72
rmiller,"November 15, 2012, 2:18 pm",174.227.131.40
rmiller,"November 17, 2012, 9:56 am",75.148.24.158
fseay,"December 7, 2012, 7:00 pm",108.28.191.60
emyers,"December 11, 2012, 3:20 am",76.104.197.72
dvaughan,"December 20, 2012, 1:00 pm",24.125.62.244
dvaughan,"December 20, 2012, 1:25 pm",198.228.201.152
dvaughan,"December 20, 2012, 1:44 pm",198.228.201.160
kmiller,"December 20, 2012, 2:30 pm",207.127.13.131
kmiller,"December 20, 2012, 2:33 pm",207.127.13.131
kmiller,"December 20, 2012, 2:34 pm",207.127.13.131
kmiller,"December 20, 2012, 2:34 pm",207.127.13.131
kmiller,"December 20, 2012, 2:34 pm",207.127.13.131
emiller,"December 27, 2012, 2:29 pm",70.155.121.214
emiller,"December 27, 2012, 2:30 pm",70.155.121.214
dvaughan,"December 28, 2012, 8:53 pm",198.228.201.145
kmiller,"January 2, 2013, 2:24 pm",207.127.13.131
dvaughan,"January 3, 2013, 12:20 pm",166.137.156.172
rmiller,"January 6, 2013, 7:56 pm",198.228.200.156
amiller,"January 23, 2013, 9:19 am",72.45.11.230
emiller,"February 3, 2013, 4:25 pm",70.155.121.214
rmiller,"February 11, 2013, 9:39 am",76.109.27.227
rmiller,"February 11, 2013, 9:40 am",76.109.27.227
rmiller,"February 11, 2013, 9:49 am",76.109.27.227
Admin,"February 11, 2013, 12:14 pm",75.148.24.155
,"February 18, 2013, 1:10 pm",98.204.143.92
,"February 18, 2013, 1:11 pm",98.204.143.92
,"February 18, 2013, 1:11 pm",98.204.143.92
Admin,"February 22, 2013, 1:59 pm",98.204.143.92
webmaster,"February 22, 2013, 2:02 pm",98.204.143.92
kamyers,"February 22, 2013, 2:07 pm",98.204.143.92
kamyers,"February 22, 2013, 2:07 pm",98.204.143.92
jamyers,"February 22, 2013, 2:07 pm",98.204.143.92
webmaster,"February 22, 2013, 2:14 pm",98.204.143.92
dvaughan,"February 23, 2013, 9:11 am",96.226.8.134
dvaughan,"April 20, 2013, 5:23 pm",96.226.8.134
rmiller,"July 31, 2013, 4:18 pm",75.148.24.158
rmiller,"July 31, 2013, 4:34 pm",75.148.24.158
rmiller,"August 11, 2013, 1:58 pm",173.162.69.225
rmiller,"August 13, 2013, 5:02 pm",75.148.24.158
amiller,"August 14, 2013, 6:44 pm",72.45.11.230
amiller,"August 14, 2013, 6:44 pm",72.45.11.230
kkile,"August 22, 2013, 9:53 am",68.53.74.176
kkile,"August 22, 2013, 10:06 am",68.53.74.176
kkile,"August 22, 2013, 10:17 am",68.53.74.176
rmiller,"August 22, 2013, 4:18 pm",173.162.69.225
rmiller,"August 22, 2013, 8:03 pm",173.162.69.225
rmiller,"August 29, 2013, 1:34 pm",98.254.202.103
webmaster,"September 4, 2013, 9:57 am",173.73.62.176
webmaster,"September 4, 2013, 10:59 am",173.73.62.176
rmiller,"September 4, 2013, 1:00 pm",173.73.62.176
mfallon,"September 4, 2013, 1:00 pm",173.73.62.176
kkile,"September 13, 2013, 2:24 pm",68.53.74.176
rmiller,"October 1, 2013, 9:49 pm",71.178.188.125
rmiller,"November 6, 2013, 10:32 am",70.193.198.212
rmiller,"November 19, 2013, 10:48 am",68.100.128.70
emyers,"December 9, 2013, 12:17 am",76.104.197.72
amiller,"December 15, 2013, 7:29 pm",72.45.11.230
amiller,"January 13, 2014, 2:03 pm",72.45.11.230
rmiller,"January 28, 2014, 11:16 am",76.108.95.235
rmiller,"January 28, 2014, 11:27 am",76.108.95.235
rmiller,"January 28, 2014, 11:30 am",76.108.95.235
rmiller,"January 28, 2014, 12:04 pm",70.193.205.14
msatrape,"February 6, 2014, 9:40 am",65.189.220.160
msatrape,"February 6, 2014, 9:50 am",65.189.220.160
msatrape,"February 6, 2014, 10:17 am",65.189.220.160
msatrape,"February 6, 2014, 10:31 am",65.189.220.160
rmiller,"February 7, 2014, 9:45 am",75.148.24.158
webmaster,"March 23, 2014, 3:22 pm",71.241.255.144
tong,"July 8, 2014, 8:51 am",23.31.82.117
tong,"July 8, 2014, 8:56 am",23.31.82.117
tong,"July 8, 2014, 9:01 am",23.31.82.117
rmiller,"July 14, 2014, 4:57 pm",71.246.215.36
rmiller,"July 16, 2014, 4:13 pm",71.246.215.36
rmiller,"July 16, 2014, 4:19 pm",71.246.215.36
msatrape,"September 2, 2014, 3:14 pm",72.45.14.59
rmiller,"September 26, 2014, 10:54 am",71.246.215.36
rbeersjr,"January 6, 2015, 4:41 pm",73.192.4.231
dvaughan,"January 13, 2015, 12:11 pm",173.57.196.166
rmiller,"January 15, 2015, 10:34 am",71.246.215.36
Admin,"February 11, 2015, 10:20 am",115.118.128.202
,"February 11, 2015, 10:21 am",1.186.48.82
,"February 11, 2015, 10:21 am",1.186.48.82
,"February 11, 2015, 10:26 am",1.186.48.82
,"February 11, 2015, 3:24 pm",173.70.141.168
,"February 11, 2015, 5:42 pm",68.100.131.64
,"February 11, 2015, 10:35 pm",68.100.131.64
,"February 11, 2015, 11:01 pm",68.100.131.64
,"February 11, 2015, 11:01 pm",68.100.131.64
,"February 11, 2015, 11:02 pm",68.100.131.64
,"February 11, 2015, 11:03 pm",68.100.131.64
,"February 11, 2015, 11:16 pm",68.100.131.64
Admin,"February 11, 2015, 11:17 pm",68.100.131.64
,"February 11, 2015, 11:30 pm",68.100.131.64
,"February 11, 2015, 11:30 pm",68.100.131.64
,"February 11, 2015, 11:31 pm",68.100.131.64
,"February 11, 2015, 11:31 pm",68.100.131.64
Admin,"February 11, 2015, 11:32 pm",68.100.131.64
Admin,"February 11, 2015, 11:43 pm",68.100.131.64
kmiller,"March 11, 2015, 2:00 pm",207.127.13.131
Admin,"April 15, 2015, 9:12 am",71.246.215.36
